{
    "Fonts": [
        {
            "name": "楷体",
            "previewImg": "STKaiti",
            "tag": "Kaiti",
            "files": ["Kaiti-SC-Bold.ttf", "Kaiti-SC-Regular.ttf"],
            "family": "STKaiti",
            "regular": "Kaiti-SC-Regular.ttf",
            "size": "19.3",
            "lineSpacing": "1",
            "fontNameList": [{
                "fontName": "STKaiti-SC-Regular",
                "isBold": "0"
            },{
                "fontName": "STKaiti-SC-Bold",
                "isBold": "1"
            }
            ]
        },
        {
            "name": "苹方",
            "previewImg": "PingFang",
            "tag": "Pingfang",
            "files": ["PingFang.ttc"],
            "family": "PingFang",
            "regular": "PingFang.ttc",
            "size": "77.1",
            "lineSpacing": "3",
            "fontNameList": [{
                "fontName": "PingFangSC-Regular",
                "isBold": "0"
            },{
                "fontName": "PingFangSC-Medium",
                "isBold": "1"
            }
            ]
        },
        {
            "name": "黑体",
            "previewImg": "Heiti",
            "tag": "Heiti",
            "files": ["STHeiti-Light.ttc", "STHeiti-Medium.ttc"],
            "family": "Heiti",
            "regular": "STHeiti-Light.ttc",
            "size": "111.6",
            "lineSpacing": "3",
            "fontNameList": [{
                "fontName": "STHeitiSC-Light",
                "isBold": "0"
            },{
                "fontName": "STHeitiSC-Medium",
                "isBold": "1"
            }
            ]
        },
        {
            "name": "宋体",
            "previewImg": "Songti",
            "tag": "Songti",
            "files": ["Songti.ttf", "Songti-Bold.ttf"],
            "family": "Songti",
            "regular": "Songti.ttf",
            "size": "66.9",
            "lineSpacing": "3",
            "fontNameList": [{
                "fontName": "STSongti-SC-Regular",
                "isBold": "0"
            },{
                "fontName": "STSongti-SC-Bold",
                "isBold": "1"
            }
            ]
        },
        {
            "name": "行楷",
            "previewImg": "Xingkai",
            "tag": "Xingkai",
            "files": ["STXingkaiSC-Light.ttf", "STXingkaiSC-Bold.ttf"],
            "family": "Xingkai",
            "regular": "STXingkaiSC-Light.ttf",
            "size": "88.8",
            "lineSpacing": "3",
            "fontNameList": [{
                "fontName": "STXingkai-SC-Light",
                "isBold": "0"
            },{
                "fontName": "STXingkai-SC-Bold",
                "isBold": "1"
            }
            ]
        },
        {
            "name": "手札体",
            "previewImg": "Shouzhati",
            "tag": "Shouzhati",
            "files": ["HannotateSC-W5.ttf", "HannotateSC-W7.ttf"],
            "family": "Shouzhati",
            "regular": "HannotateSC-W5.ttf",
            "size": "101.4",
            "lineSpacing": "4",
            "fontNameList": [{
                "fontName": "HannotateSC-W5",
                "isBold": "0"
            },{
                "fontName": "HannotateSC-W7",
                "isBold": "1"
            }
            ]
        },
        {
            "name": "翩翩体",
            "previewImg": "Pianpianti",
            "tag": "Pianpianti",
            "files": ["HanziPenSC-W3.ttf", "HanziPenSC-W5.ttf"],
            "family": "Pianpianti",
            "regular": "HanziPenSC-W3.ttf",
            "size": "71.9",
            "lineSpacing": "4",
            "fontNameList": [{
                "fontName": "HanziPenSC-W3",
                "isBold": "0"
            },{
                "fontName": "HanziPenSC-W5",
                "isBold": "1"
            }
            ]
        },
        {
            "name": "圆体",
            "previewImg": "Yuanti",
            "tag": "Yuanti",
            "files": ["STYuanti-SC-Regular.ttf", "STYuanti-SC-Bold.ttf"],
            "family": "Yuanti",
            "regular": "STYuanti-SC-Regular.ttf",
            "size": "84.5",
            "lineSpacing": "4",
            "fontNameList": [{
                "fontName": "STYuanti-SC-Regular",
                "isBold": "0"
            },{
                "fontName": "STYuanti-SC-Bold",
                "isBold": "1"
            }
            ]
        },
        {
            "name": "兰亭黑",
            "previewImg": "Lantinghei",
            "tag": "Lantinghei",
            "files": ["FZLTXHK--GBK1-0.ttf", "FZLTZHK--GBK1-0.ttf"],
            "family": "Lantinghei",
            "regular": "FZLTXHK--GBK1-0.ttf",
            "size": "43.9",
            "lineSpacing": "3",
            "fontNameList": [{
                "fontName": "FZLTXHK--GBK1-0",
                "isBold": "0"
            },{
                "fontName": "FZLTZHK--GBK1-0",
                "isBold": "1"
            }
            ]
        },
        {
            "name": "冬青黑体",
            "previewImg": "Dongqinghei",
            "tag": "Dongqinghei",
            "files": ["HiraginoSansGB-W3.ttf", "HiraginoSansGB-W6.ttf"],
            "family": "Dongqinghei",
            "regular": "HiraginoSansGB-W3.ttf",
            "size": "26.4",
            "lineSpacing": "5",
            "fontNameList": [{
                "fontName": "HiraginoSansGB-W3",
                "isBold": "0"
            },{
                "fontName": "HiraginoSansGB-W6",
                "isBold": "1"
            }
            ]
        },
        {
            "name": "华文仿宋",
            "previewImg": "Fangsong",
            "tag": "Fangsong",
            "files": ["STFANGSO.ttf"],
            "family": "Fangsong",
            "regular": "STFANGSO.ttf",
            "size": "77.1",
            "lineSpacing": "7",
            "fontNameList": [{
                "fontName": "STFangsong",
                "isBold": "0"
            }
            ]
        },
        {
            "name": "华文宋体",
            "previewImg": "STSong",
            "tag": "Songti",
            "files": ["Songti.ttf", "Songti-Bold.ttf"],
            "family": "STSong",
            "regular": "Songti.ttf",
            "size": "66.9",
            "lineSpacing": "7",
            "fontNameList": [{
                "fontName": "STSongti-SC-Regular",
                "isBold": "0"
            },{
                "fontName": "STSongti-SC-Bold",
                "isBold": "1"
            }
            ]
        },
        {
            "name": "凌慧体",
            "previewImg": "Linghuiti",
            "tag": "Linghuiti",
            "files": ["LingWaiSC-Medium.otf"],
            "family": "Linghuiti",
            "regular": "LingWaiSC-Medium.otf",
            "size": "23.9",
            "lineSpacing": "1",
            "fontNameList": [{
                "fontName": "MLingWaiMedium-SC",
                "isBold": "0"
            }
            ]
        },
        {
            "name": "娃娃体",
            "previewImg": "Wawati",
            "tag": "Wawati",
            "files": ["WawaSC-Regular.otf"],
            "family": "Wawati",
            "regular": "WawaSC-Regular.otf",
            "size": "17.4",
            "lineSpacing": "1",
            "fontNameList": [{
                "fontName": "DFWaWaSC-W5",
                "isBold": "0"
            }
            ]
        },
        {
            "name": "报隶",
            "previewImg": "Baoli",
            "tag": "Baoli",
            "files": ["Baoli.ttc"],
            "family": "Baoli",
            "regular": "Baoli.ttc",
            "size": "42.5",
            "lineSpacing": "1",
            "fontNameList": [{
                "fontName": "STBaoliSC-Regular",
                "isBold": "0"
            }
            ]
        },
        {
            "name": "隶变",
            "previewImg": "Libian",
            "tag": "Libian",
            "files": ["Libian.ttc"],
            "family": "Libian",
            "regular": "Libian.ttc",
            "size": "36.1",
            "lineSpacing": "1",
            "fontNameList": [{
                "fontName": "STLibianSC-Regular",
                "isBold": "0"
            }
            ]
        },
        {
            "name": "雅痞",
            "previewImg": "Yapi",
            "tag": "Yapi",
            "files": ["YuppySC-Regular.otf"],
            "family": "Yapi",
            "regular": "YuppySC-Regular.otf",
            "size": "16.1",
            "lineSpacing": "4",
            "fontNameList": [{
                "fontName": "YuppySC-Regular",
                "isBold": "0"
            }
            ]
        }
    ]
}
